{
  "creds": {
    "noiseKey": {
      "private": {
        "type": "Buffer",
        "data": "6HfMC8Ok3Ks7bi4IroUqMPnP2TxfOWXHAcyNlBg3sXM="
      },
      "public": {
        "type": "Buffer",
        "data": "AJzf5USswaNyDXm3a7v3KgnE13wDjcXpVBOIaPjZCAE="
      }
    },
    "signedIdentityKey": {
      "private": {
        "type": "Buffer",
        "data": "WCgdyo5oJ9hhmuo26DfFoxDEHAofn2TsxJT3vm3Rc0o="
      },
      "public": {
        "type": "Buffer",
        "data": "L4tKuC++5BdjPX13PoOGkaiUHAmO5yu7djGybUq1wHo="
      }
    },
    "signedPreKey": {
      "keyPair": {
        "private": {
          "type": "Buffer",
          "data": "cOawzXPnVAieAq/Dk46SvNAxiFO44PFHclQp69dFJ2g="
        },
        "public": {
          "type": "Buffer",
          "data": "CsCBeYU8cySNJjNTqN6C/hC6eyQu64tY2wGOkAfvqTU="
        }
      },
      "signature": {
        "type": "Buffer",
        "data": "pJQf8qbpzBva9xEFBaX2k05PKxyY6TO0pN8cNVjS9zEuHfpC0fHRMCicxkWnOZphlgEyeFHSFt1AyK5Lu2VZig=="
      },
      "keyId": 1
    },
    "registrationId": 37,
    "advSecretKey": "39fyFyauY05pgmAXHzf5NPVEgtsXL8W+Bx6nMpHrGDU=",
    "processedHistoryMessages": [
      {
        "key": {
          "remoteJid": "6285864731750@s.whatsapp.net",
          "fromMe": true,
          "id": "0F33983887A9C989B7D5E5439A247E05"
        },
        "messageTimestamp": 1672328271
      },
      {
        "key": {
          "remoteJid": "6285864731750@s.whatsapp.net",
          "fromMe": true,
          "id": "6256671216BF4C65B4AAD2636BFE3694"
        },
        "messageTimestamp": 1672328271
      },
      {
        "key": {
          "remoteJid": "6285864731750@s.whatsapp.net",
          "fromMe": true,
          "id": "B540DE2168E0DF049AEDF62046DFE1B0"
        },
        "messageTimestamp": 1672328276
      }
    ],
    "nextPreKeyId": 31,
    "firstUnuploadedPreKeyId": 31,
    "accountSettings": {
      "unarchiveChats": false
    },
    "account": {
      "details": "CO/Rw4sGEMnotp0GGAE=",
      "accountSignatureKey": "6fm+a5kxwvwXAoPqsRaTgWVu4EeaG01Hz5URJ8dKQX8=",
      "accountSignature": "fjPKseCAPe7YDjS3znudP/4fjhtzlS5uiF+JvbcEl2dFF4AbHkqlM7zjlT5Dw2WBBzzwd6E0lYe0lBSt546FAA==",
      "deviceSignature": "70guINqoqX2b8Q8cHo13tnjYofQ1YtlU0jb4+DDSV8hSY3Anb9qA3YDHgBK5B9ive5qh3djhaoPPFYzDYvxGhw=="
    },
    "me": {
      "id": "6285864731750:1@s.whatsapp.net",
      "name": "SERV[BOT]"
    },
    "signalIdentities": [
      {
        "identifier": {
          "name": "6285864731750:1@s.whatsapp.net",
          "deviceId": 0
        },
        "identifierKey": {
          "type": "Buffer",
          "data": "Ben5vmuZMcL8FwKD6rEWk4FlbuBHmhtNR8+VESfHSkF/"
        }
      }
    ],
    "platform": "android",
    "lastAccountSyncTimestamp": 1672328269,
    "myAppStateKeyId": "AAAAAFn4"
  },
  "keys": {
    "preKeys": {
      "1": {
        "private": {
          "type": "Buffer",
          "data": "WGW50/BJcNSK3IF4e/crh1r7ic9QnIIklMfyx3C4/3I="
        },
        "public": {
          "type": "Buffer",
          "data": "vlNwba4Kdsntc5ySMAR+mnJrRaZSpjxGRqyKCe9bzHM="
        }
      },
      "2": {
        "private": {
          "type": "Buffer",
          "data": "eN7T0kIhr0lNzWC6wBlVdrvshX+ELSa6ZUv1OGOk910="
        },
        "public": {
          "type": "Buffer",
          "data": "2+CIrdC6jHnkQ0u+ifJ1gObz1DKuI7b2V8X+6ia1yVs="
        }
      },
      "3": {
        "private": {
          "type": "Buffer",
          "data": "qFzEj+BKh5YjzlTtnH6khjesO7VBriegiat3LWZKNHo="
        },
        "public": {
          "type": "Buffer",
          "data": "HzaOHwygkw0chWFaaLu4L6+vpEv4ZT4rtd3MN+zaPlI="
        }
      },
      "4": {
        "private": {
          "type": "Buffer",
          "data": "WC87HVazEZpHeJcLTbGQzZh5ojAns6ieuMzQ+4ESo24="
        },
        "public": {
          "type": "Buffer",
          "data": "LY8ZZunjt9+XX/nwxYPkxI84bxQkLE1w9AbXdja6+h4="
        }
      },
      "5": {
        "private": {
          "type": "Buffer",
          "data": "2ALSDA4pwLAvoy1BGbsmEDd2uSyh1HVanf+MDXwcTEs="
        },
        "public": {
          "type": "Buffer",
          "data": "TshPE3pR2KPKCiGRgZ3WW+Mh8tMPG7dXmL4aLQAtk0E="
        }
      },
      "6": {
        "private": {
          "type": "Buffer",
          "data": "aD307MRmqmEF2ivUnRVS84OMgcT6gA7TA11tHsg4zV4="
        },
        "public": {
          "type": "Buffer",
          "data": "HpGIKfG05VvDMi8Trgqi//lETX8TgGpi6qAc3tBJF1s="
        }
      },
      "7": {
        "private": {
          "type": "Buffer",
          "data": "wAazGTDfa+AiaEk/YFeLeVEI/dZ1EY9ITmBs9kfJlXs="
        },
        "public": {
          "type": "Buffer",
          "data": "Bl6un+AasHct6hndKNNkrlIRtaPGIBuE9R0itkR41ig="
        }
      },
      "8": {
        "private": {
          "type": "Buffer",
          "data": "+P3fixScrWc6BlRVX+mIigOtsZ9Bqb7W1o3MJFCd8lo="
        },
        "public": {
          "type": "Buffer",
          "data": "3Mnb1ygRT9rg2PhLJq6Qbd6zaDw9nY2kjsQsDY2pomo="
        }
      },
      "9": {
        "private": {
          "type": "Buffer",
          "data": "kOuWSKAyl5pUiUsZehLq/6q6OXPOlzD9Kt/h2r08O0U="
        },
        "public": {
          "type": "Buffer",
          "data": "ltZ1p4L737T9dhwv7giPcqQZ54r6V9XJUgDz8NGSvFg="
        }
      },
      "10": {
        "private": {
          "type": "Buffer",
          "data": "wCnPzIBRvj1pMEerrpfJjFed2Ayr6qRYI/N3pVrEp18="
        },
        "public": {
          "type": "Buffer",
          "data": "KWEAGI8LkUp3OXvIrklokIiOfiNM6C3Um7J3gkbhdDE="
        }
      },
      "11": {
        "private": {
          "type": "Buffer",
          "data": "QCTe++A5lRdGQd8HGAo9i9IwIlVHNuOOEH0PTuw7y1g="
        },
        "public": {
          "type": "Buffer",
          "data": "zDiHjhGBqhu6yUOlgQQIvc0u8gC86J9OJ4yLBbX9k3E="
        }
      },
      "12": {
        "private": {
          "type": "Buffer",
          "data": "UGcCmWcIUlxEwVoVzwe+SLUi5RBbIllW49gQqvDkp1g="
        },
        "public": {
          "type": "Buffer",
          "data": "wPwg9sK50ijPLLxKnBk6J1ivOwC6LWsRVrU+W74s1wE="
        }
      },
      "13": {
        "private": {
          "type": "Buffer",
          "data": "4FmrHVJ2w73nhmeNm6FBlXyrQ4Jxo9TH330Lfp5yD3w="
        },
        "public": {
          "type": "Buffer",
          "data": "578+A/Rgzi8YwZXABzkeXQwOQFZfrVJIsutfhR45E3M="
        }
      },
      "14": {
        "private": {
          "type": "Buffer",
          "data": "kEizk4tZqEH1ZGEP2Lz+mRsjC1xznzoTb5hu7qc6Pmo="
        },
        "public": {
          "type": "Buffer",
          "data": "oNCGsXy9Jix7uDkqQDhRRFWLeuSLGa3jJcupywq52h0="
        }
      },
      "15": {
        "private": {
          "type": "Buffer",
          "data": "2A9oxrmZ25Bo0OXdMhhimWbGJAIWB/pTagX036S0LGc="
        },
        "public": {
          "type": "Buffer",
          "data": "YIO2bdX0nH2HBpZGDR4alYCEQj1usY1F9OijstlfGzw="
        }
      },
      "16": {
        "private": {
          "type": "Buffer",
          "data": "wBTeZ7ZDvM+dj8oEyz+4mLj8YSxtOyIGuUvWtAGlUmA="
        },
        "public": {
          "type": "Buffer",
          "data": "treOtcEeVf1xWLWQ48KV2pabkZb7O55TPEa2S//t4GA="
        }
      },
      "17": {
        "private": {
          "type": "Buffer",
          "data": "uF5g0OkVevs3kEhMbMm0CODSJnurC7G9wg+OhPfM4nQ="
        },
        "public": {
          "type": "Buffer",
          "data": "ag5cGkLYPqlClRyMIZPThOm/nn5wEHgM3KQxfQmHDxs="
        }
      },
      "18": {
        "private": {
          "type": "Buffer",
          "data": "IBS/JJGAIwrmULF6uXmklWNJT5AgZh2FwzymjBt0xEM="
        },
        "public": {
          "type": "Buffer",
          "data": "3gIpK5KWqgsH2rECfMWcvRwl++bfbdHbTEuKP9RlqmU="
        }
      },
      "19": {
        "private": {
          "type": "Buffer",
          "data": "WMtEobW9taRfITcqQgu7pzfAjn5Q2Y7I7AN6cPioikU="
        },
        "public": {
          "type": "Buffer",
          "data": "AbM8TKbGxZdBeXGEfQ8g74pNAQ9hJAsFs/FNRNJWrwA="
        }
      },
      "20": {
        "private": {
          "type": "Buffer",
          "data": "cElViIE3+CSqcoql32ZPcfeCaHVrm+xdhFhigQEod0Y="
        },
        "public": {
          "type": "Buffer",
          "data": "+uDbryLFgcf7Rv7rIO7mGt83uBe/qD2rpMRYqjRXPCQ="
        }
      },
      "21": {
        "private": {
          "type": "Buffer",
          "data": "yCJErlNg5+z87ZCGNgVcJpDuKMlQsidv45+dIZI0P1I="
        },
        "public": {
          "type": "Buffer",
          "data": "jC6it6FpfRgpXwy/JTl2QtUq6ppGe76aJbv7gXCGvxQ="
        }
      },
      "22": {
        "private": {
          "type": "Buffer",
          "data": "MOXEzEz9ETu1EycbapDQSvJ/raSH23OrS2pNGYjvynQ="
        },
        "public": {
          "type": "Buffer",
          "data": "JD/vJUTHFUuxM4nTeePCPG0SjGEaBmhN9QfwIcwmUy4="
        }
      },
      "23": {
        "private": {
          "type": "Buffer",
          "data": "MKaDMlTsDd9du9od7VpGvBugahIdUpsjFuGZccPjtmc="
        },
        "public": {
          "type": "Buffer",
          "data": "ihUMd8KYvGQdXCfpFFW8ic/9JYcmCsdqnzbwjeV76So="
        }
      },
      "24": {
        "private": {
          "type": "Buffer",
          "data": "IJf64oGBE+WbHcnZiE7g6jqn1QhkQoa4qfcvbAjO+n4="
        },
        "public": {
          "type": "Buffer",
          "data": "5xJ3narDWQlcqB8SxtAwswO2PKclYDMIUQcyE70XLHI="
        }
      },
      "25": {
        "private": {
          "type": "Buffer",
          "data": "+OrpXS8DQwLfAjayJwpyouVKBsFwj/gtzmzhYENPpH0="
        },
        "public": {
          "type": "Buffer",
          "data": "jR++KhIY/8Vds6EU3DHTgTqeDgeuKvstjyO9aDFn9H4="
        }
      },
      "26": {
        "private": {
          "type": "Buffer",
          "data": "SMGocuB5QDK7OHhiSrgPWOqZ4r6wkBCfE6WYBqBmUn4="
        },
        "public": {
          "type": "Buffer",
          "data": "MQtqYIFxlmfN5U9wTykDnKWZ+/9oW6OFv5EJXOJyDAE="
        }
      },
      "27": {
        "private": {
          "type": "Buffer",
          "data": "+DUZZE6UeL6HCtMIspnBre9Lwzv95fXFCt4YpneiJUo="
        },
        "public": {
          "type": "Buffer",
          "data": "YQ7bkhPvwUMQBIVKIJA0qhBAmyeQI5CPQbDZhWMe6Ec="
        }
      },
      "28": {
        "private": {
          "type": "Buffer",
          "data": "IMHWru6GGdsFAdMc80HQ+1CwK6R3DNHHrOhOTD8s6Ws="
        },
        "public": {
          "type": "Buffer",
          "data": "xPPNARDqjjKCuZFhfM3ZYkwhC8urDTHq7MxCXuLt3SU="
        }
      },
      "29": {
        "private": {
          "type": "Buffer",
          "data": "0JUvOXgGRXXWXI6bziXk4mcswgf2glR2QTRaHL9nj2k="
        },
        "public": {
          "type": "Buffer",
          "data": "fbxiDVijHE+ZXWFRgVl57cxj2a00SYRUz1sB/jgstHQ="
        }
      },
      "30": {
        "private": {
          "type": "Buffer",
          "data": "aHdBN+xmPk2ctVSyayFTOx6A/aH9X4OVmCpl9VmpfW4="
        },
        "public": {
          "type": "Buffer",
          "data": "2HtdfCrHo70xruyxFKxftS8k2/VHoWmxuZphhHqvXDw="
        }
      }
    },
    "sessions": {
      "6285864731750.0": {
        "_sessions": {
          "BUga/MLMr5LY0ubTSs/Tnf0i8B8KeMf3hEstzXzI8fZY": {
            "registrationId": 2037172840,
            "currentRatchet": {
              "ephemeralKeyPair": {
                "pubKey": "Bcnt2o5oQqPBkbX/V4VXXnHbpUD7itdrtfZaDWm+4yYN",
                "privKey": "WGQqxOJArT6K6yBus3VRZOPdeXrn5gilXQfW6WzMjVg="
              },
              "lastRemoteEphemeralKey": "BWcOh1v2YlLyGX+ypORcWYboSiGjjzaPTOW0gMIyxEZ6",
              "previousCounter": 0,
              "rootKey": "/rSjU4fV8gpaP18I3kCkSqL8HawmfYQHG3hdsiKCdSY="
            },
            "indexInfo": {
              "baseKey": "BUga/MLMr5LY0ubTSs/Tnf0i8B8KeMf3hEstzXzI8fZY",
              "baseKeyType": 2,
              "closed": -1,
              "used": 1672328268278,
              "created": 1672328268278,
              "remoteIdentityKey": "Ben5vmuZMcL8FwKD6rEWk4FlbuBHmhtNR8+VESfHSkF/"
            },
            "_chains": {
              "BWcOh1v2YlLyGX+ypORcWYboSiGjjzaPTOW0gMIyxEZ6": {
                "chainKey": {
                  "counter": 7,
                  "key": "ccx3We/LZR2kn05RCui7YWeujPCctCdVod3rFJqfSaU="
                },
                "chainType": 2,
                "messageKeys": {}
              },
              "Bcnt2o5oQqPBkbX/V4VXXnHbpUD7itdrtfZaDWm+4yYN": {
                "chainKey": {
                  "counter": -1,
                  "key": "wxY0n3AZ+UlrM0DFeFege0uyQsgBoA5Mrua2PM+fGVg="
                },
                "chainType": 1,
                "messageKeys": {}
              }
            }
          }
        },
        "version": "v1"
      }
    },
    "appStateSyncKeys": {
      "AAAAAFn4": {
        "keyData": "1M/6b9BE8R4GVE0HMvpX8uOM4d9Myt7pFafjdksOIMA=",
        "fingerprint": {
          "rawId": 1634789615,
          "currentIndex": 1,
          "deviceIndexes": [
            0,
            1
          ]
        },
        "timestamp": "1672328269972"
      }
    },
    "appStateVersions": {
      "critical_block": {
        "version": 1,
        "hash": {
          "type": "Buffer",
          "data": "NCCLnwzyW5ZgkSTQJdjI95llFMQY3CyPBItY++n8WbNhT917Bp8oxDX0QAaVJQ6+28LNGEPhGPUmelxci2An90HbwdFQ9DJHmMQNX8yyYBHnK7O0gRPGMGL338UZmOo5kerrCTqwVqt2ck0yoTOl+J/fNN6FITIWe0xd2KMmLQ0="
        },
        "indexValueMap": {
          "ZwxkYUMuI3M9gzOc/SHOdMJCJI7ZTos0dwqg+tAo4pk=": {
            "valueMac": {
              "type": "Buffer",
              "data": "zambpFGlDffh/n/xhkF1sdEsABcn7/0KF/zBCe6tYzg="
            }
          },
          "VghQx4C4UU5kgVItyRAfZgG0oPKusdEzYSsD3yFcmKE=": {
            "valueMac": {
              "type": "Buffer",
              "data": "6qwIayNPrhomLE+MHd/V/Gkemgj5otKNgfucn9tkUgc="
            }
          }
        }
      },
      "regular": {
        "version": 1,
        "hash": {
          "type": "Buffer",
          "data": "r+PKUBzoS+VDv09uTREJMml9IjmQK3dnNJrYwMy4gkgRU+n30boyaFsjzRnGH8+hUuNYs1M/D6cE3SjhyvZJDeiXkom8CStiCKIIgJJ72A1pkTJJcX/9wClx8fHUEA9UxZ232HlPbo/fI4O09kuffGYlpkqYQocICMADc/URvDI="
        },
        "indexValueMap": {
          "G8SfI8cB1fSo1xnv+RnXiQq37WTLdaLjxCpPRPLz000=": {
            "valueMac": {
              "type": "Buffer",
              "data": "FYQ8kLR7TH5E9ver79OMGiQ94sAbz58IaBzFFwhGYXw="
            }
          }
        }
      }
    }
  }
}